"_publishStatus","Titulo","slug","Ciudad o Estado","País","Titulo página","Excerpt Página","Titulo SEO","Metadescripción SEO","ID","Created Date","Updated Date","Owner","Whatsapp personalizado","_publishDate","_draftDate"
,"software para conjuntos habitacionales","software-para-conjuntos-habitacionales",,,"Transforma software para conjuntos habitacionales con Hausbox.","Hausbox simplifica software para conjuntos habitacionales con automatización, pagos en línea y control residencial inteligente.","Software Para Conjuntos Habitacionales | Hausbox Software para Condominios","Hausbox, el Software para Condominios #1 en México. Optimiza software para conjuntos habitacionales, automatiza procesos, mejora la cobranza y digitaliza la administración residencial con una plataforma moderna y eficiente.","005736d7-7039-43f8-9e4c-487f894e444d",2026-07-23T02:56:34Z,2026-07-23T02:57:55Z,"69fcc116-239a-4a02-9d94-8cc5b6914ded","https://wa.me/525574374431?text=SW-%20Hola%20quisiera%20m%C3%A1s%20informaci%C3%B3n%20de%20software%20para%20conjuntos%20habitacionales",,
,"software para pagos de mantenimiento","software-para-pagos-de-mantenimiento",,,"Transforma software para pagos de mantenimiento con Hausbox.","Hausbox simplifica software para pagos de mantenimiento con automatización, pagos en línea y control residencial inteligente.","Software Para Pagos De Mantenimiento | Hausbox Software para Condominios","Hausbox, el Software para Condominios #1 en México. Optimiza software para pagos de mantenimiento, automatiza procesos, mejora la cobranza y digitaliza la administración residencial con una plataforma moderna y eficiente.","01ac58ae-496b-4e89-a8a1-bb1872dee16e",2026-06-12T20:24:41Z,2026-07-23T02:57:55Z,"45119e62-fb47-42df-8e3f-62a36597ee45","https://wa.me/525574374431?text=SW-%20Hola%20quisiera%20m%C3%A1s%20informaci%C3%B3n%20de%20software%20para%20pagos%20de%20mantenimiento",,
,"software de administración residencial","software-de-administracion-residencial",,,"Transforma software de administración residencial con Hausbox.","Hausbox simplifica software de administración residencial con automatización, pagos en línea y control residencial inteligente.","Software De Administración Residencial | Hausbox Software para Condominios","Hausbox, el Software para Condominios #1 en México. Optimiza software de administración residencial, automatiza procesos, mejora la cobranza y digitaliza la administración residencial con una plataforma moderna y eficiente.","058bb54d-6957-4504-838e-b130007e7293",2026-06-12T20:24:41Z,2026-07-23T02:57:55Z,"45119e62-fb47-42df-8e3f-62a36597ee45","https://wa.me/525574374431?text=SW-%20Hola%20quisiera%20m%C3%A1s%20informaci%C3%B3n%20de%20software%20de%20administraci%C3%B3n%20residencial",,
,"mejores herramientas para condominios","mejores-herramientas-para-condominios",,,"Transforma mejores herramientas para condominios con Hausbox.","Hausbox simplifica mejores herramientas para condominios con automatización, pagos en línea y control residencial inteligente.","Mejores Herramientas Para Condominios | Hausbox Software para Condominios","Hausbox, el Software para Condominios #1 en México. Optimiza mejores herramientas para condominios, automatiza procesos, mejora la cobranza y digitaliza la administración residencial con una plataforma moderna y eficiente.","073f6477-4886-4b8d-8fbe-485f47cb0f2d",2026-07-23T02:56:34Z,2026-07-23T02:57:55Z,"69fcc116-239a-4a02-9d94-8cc5b6914ded","https://wa.me/525574374431?text=SW-%20Hola%20quisiera%20m%C3%A1s%20informaci%C3%B3n%20de%20mejores%20herramientas%20para%20condominios",,
,"software para edificios pequeños","software-para-edificios-pequenos",,,"Transforma software para edificios pequeños con Hausbox.","Hausbox simplifica software para edificios pequeños con automatización, pagos en línea y control residencial inteligente.","Software Para Edificios Pequeños | Hausbox Software para Condominios","Hausbox, el Software para Condominios #1 en México. Optimiza software para edificios pequeños, automatiza procesos, mejora la cobranza y digitaliza la administración residencial con una plataforma moderna y eficiente.","0ab72f85-de8d-4604-87ff-33cc0357d800",2026-07-23T02:56:34Z,2026-07-23T02:57:55Z,"69fcc116-239a-4a02-9d94-8cc5b6914ded","https://wa.me/525574374431?text=SW-%20Hola%20quisiera%20m%C3%A1s%20informaci%C3%B3n%20de%20software%20para%20edificios%20peque%C3%B1os",,
,"app para cuotas de mantenimiento","app-para-cuotas-de-mantenimiento",,,"Transforma app para cuotas de mantenimiento con Hausbox.","Hausbox simplifica app para cuotas de mantenimiento con automatización, pagos en línea y control residencial inteligente.","App Para Cuotas De Mantenimiento | Hausbox Software para Condominios","Hausbox, el Software para Condominios #1 en México. Optimiza app para cuotas de mantenimiento, automatiza procesos, mejora la cobranza y digitaliza la administración residencial con una plataforma moderna y eficiente.","0bde5991-9f9c-4e01-8eea-0b32738e80f5",2026-06-12T20:24:41Z,2026-07-23T02:57:55Z,"45119e62-fb47-42df-8e3f-62a36597ee45","https://wa.me/525574374431?text=SW-%20Hola%20quisiera%20m%C3%A1s%20informaci%C3%B3n%20de%20app%20para%20cuotas%20de%20mantenimiento",,
,"software para administrar condominios","software-para-administrar-condominios",,,"Transforma software para administrar condominios con Hausbox.","Hausbox simplifica software para administrar condominios con automatización, pagos en línea y control residencial inteligente.","Software Para Administrar Condominios | Hausbox Software para Condominios","Hausbox, el Software para Condominios #1 en México. Optimiza software para administrar condominios, automatiza procesos, mejora la cobranza y digitaliza la administración residencial con una plataforma moderna y eficiente.","0bec38bd-79b2-4336-918b-2e70326dbc8d",2026-06-16T18:45:08Z,2026-07-23T02:57:55Z,"45119e62-fb47-42df-8e3f-62a36597ee45","https://wa.me/525574374431?text=SW-%20Hola%20quisiera%20m%C3%A1s%20informaci%C3%B3n%20de%20software%20para%20administrar%20condominios",,
,"control de acceso para privadas","control-de-acceso-para-privadas",,,"Transforma control de acceso para privadas con Hausbox.","Hausbox simplifica control de acceso para privadas con automatización, pagos en línea y control residencial inteligente.","Control De Acceso Para Privadas | Hausbox Software para Condominios","Hausbox, el Software para Condominios #1 en México. Optimiza control de acceso para privadas, automatiza procesos, mejora la cobranza y digitaliza la administración residencial con una plataforma moderna y eficiente.","0d763181-8328-42c6-80ef-c811013b256f",2026-07-23T02:56:34Z,2026-07-23T02:57:55Z,"69fcc116-239a-4a02-9d94-8cc5b6914ded","https://wa.me/525574374431?text=SW-%20Hola%20quisiera%20m%C3%A1s%20informaci%C3%B3n%20de%20control%20de%20acceso%20para%20privadas",,
,"cómo administrar condominios mejor","como-administrar-condominios-mejor",,,"Transforma cómo administrar condominios mejor con Hausbox.","Hausbox simplifica cómo administrar condominios mejor con automatización, pagos en línea y control residencial inteligente.","Cómo Administrar Condominios Mejor | Hausbox Software para Condominios","Hausbox, el Software para Condominios #1 en México. Optimiza cómo administrar condominios mejor, automatiza procesos, mejora la cobranza y digitaliza la administración residencial con una plataforma moderna y eficiente.","10c9a5cd-a9d9-4a2a-94a3-29c5666e2472",2026-06-12T20:24:41Z,2026-07-23T02:57:55Z,"45119e62-fb47-42df-8e3f-62a36597ee45","https://wa.me/525574374431?text=SW-%20Hola%20quisiera%20m%C3%A1s%20informaci%C3%B3n%20de%20c%C3%B3mo%20administrar%20condominios%20mejor",,
,"administración moderna de condominios","administracion-moderna-de-condominios",,,"Transforma administración moderna de condominios con Hausbox.","Hausbox simplifica administración moderna de condominios con automatización, pagos en línea y control residencial inteligente.","Administración Moderna De Condominios | Hausbox Software para Condominios","Hausbox, el Software para Condominios #1 en México. Optimiza administración moderna de condominios, automatiza procesos, mejora la cobranza y digitaliza la administración residencial con una plataforma moderna y eficiente.","12790919-75b3-4bb6-b3c0-99586f079ae3",2026-07-23T02:56:34Z,2026-07-23T02:57:55Z,"69fcc116-239a-4a02-9d94-8cc5b6914ded","https://wa.me/525574374431?text=SW-%20Hola%20quisiera%20m%C3%A1s%20informaci%C3%B3n%20de%20administraci%C3%B3n%20moderna%20de%20condominios",,
,"sistema de acceso residencial","sistema-de-acceso-residencial",,,"Transforma sistema de acceso residencial con Hausbox.","Hausbox simplifica sistema de acceso residencial con automatización, pagos en línea y control residencial inteligente.","Sistema De Acceso Residencial | Hausbox Software para Condominios","Hausbox, el Software para Condominios #1 en México. Optimiza sistema de acceso residencial, automatiza procesos, mejora la cobranza y digitaliza la administración residencial con una plataforma moderna y eficiente.","177b21c7-518b-4cc2-8cb5-290b9fae91d1",2026-06-12T20:24:41Z,2026-07-23T02:57:55Z,"45119e62-fb47-42df-8e3f-62a36597ee45","https://wa.me/525574374431?text=SW-%20Hola%20quisiera%20m%C3%A1s%20informaci%C3%B3n%20de%20sistema%20de%20acceso%20residencial",,
,"sistema para condominios","sistema-para-condominios",,,"Transforma sistema para condominios con Hausbox.","Hausbox simplifica sistema para condominios con automatización, pagos en línea y control residencial inteligente.","Sistema Para Condominios | Hausbox Software para Condominios","Hausbox, el Software para Condominios #1 en México. Optimiza sistema para condominios, automatiza procesos, mejora la cobranza y digitaliza la administración residencial con una plataforma moderna y eficiente.","184281dd-ae81-4b42-906c-2449806f146e",2026-06-12T20:24:41Z,2026-07-23T02:57:55Z,"45119e62-fb47-42df-8e3f-62a36597ee45","https://wa.me/525574374431?text=SW-%20Hola%20quisiera%20m%C3%A1s%20informaci%C3%B3n%20de%20sistema%20para%20condominios",,
,"plataforma de pagos residenciales","plataforma-de-pagos-residenciales",,,"Transforma plataforma de pagos residenciales con Hausbox.","Hausbox simplifica plataforma de pagos residenciales con automatización, pagos en línea y control residencial inteligente.","Plataforma De Pagos Residenciales | Hausbox Software para Condominios","Hausbox, el Software para Condominios #1 en México. Optimiza plataforma de pagos residenciales, automatiza procesos, mejora la cobranza y digitaliza la administración residencial con una plataforma moderna y eficiente.","1bb6aeb3-124a-4936-8692-7fcbf417b74b",2026-06-12T20:24:41Z,2026-07-23T02:57:55Z,"45119e62-fb47-42df-8e3f-62a36597ee45","https://wa.me/525574374431?text=SW-%20Hola%20quisiera%20m%C3%A1s%20informaci%C3%B3n%20de%20plataforma%20de%20pagos%20residenciales",,
,"sistema de pagos residenciales","sistema-de-pagos-residenciales",,,"Transforma sistema de pagos residenciales con Hausbox.","Hausbox simplifica sistema de pagos residenciales con automatización, pagos en línea y control residencial inteligente.","Sistema De Pagos Residenciales | Hausbox Software para Condominios","Hausbox, el Software para Condominios #1 en México. Optimiza sistema de pagos residenciales, automatiza procesos, mejora la cobranza y digitaliza la administración residencial con una plataforma moderna y eficiente.","23414796-15e1-4f6a-ba91-c87b03f9c855",2026-07-23T02:56:34Z,2026-07-23T02:57:55Z,"69fcc116-239a-4a02-9d94-8cc5b6914ded","https://wa.me/525574374431?text=SW-%20Hola%20quisiera%20m%C3%A1s%20informaci%C3%B3n%20de%20sistema%20de%20pagos%20residenciales",,
,"automatización de pagos condominales","automatizacion-de-pagos-condominales",,,"Transforma automatización de pagos condominales con Hausbox.","Hausbox simplifica automatización de pagos condominales con automatización, pagos en línea y control residencial inteligente.","Automatización De Pagos Condominales | Hausbox Software para Condominios","Hausbox, el Software para Condominios #1 en México. Optimiza automatización de pagos condominales, automatiza procesos, mejora la cobranza y digitaliza la administración residencial con una plataforma moderna y eficiente.","244c3647-3341-45c4-bbb9-e8c78c871a23",2026-07-23T02:56:34Z,2026-07-23T02:57:55Z,"69fcc116-239a-4a02-9d94-8cc5b6914ded","https://wa.me/525574374431?text=SW-%20Hola%20quisiera%20m%C3%A1s%20informaci%C3%B3n%20de%20automatizaci%C3%B3n%20de%20pagos%20condominales",,
,"cómo mejorar la administración residencial","como-mejorar-la-administracion-residencial",,,"Transforma cómo mejorar la administración residencial con Hausbox.","Hausbox simplifica cómo mejorar la administración residencial con automatización, pagos en línea y control residencial inteligente.","Cómo Mejorar La Administración Residencial | Hausbox Software para Condominios","Hausbox, el Software para Condominios #1 en México. Optimiza cómo mejorar la administración residencial, automatiza procesos, mejora la cobranza y digitaliza la administración residencial con una plataforma moderna y eficiente.","252e8598-ed0f-4dd9-b997-9d4f447f7abe",2026-07-23T02:56:34Z,2026-07-23T02:57:55Z,"69fcc116-239a-4a02-9d94-8cc5b6914ded","https://wa.me/525574374431?text=SW-%20Hola%20quisiera%20m%C3%A1s%20informaci%C3%B3n%20de%20c%C3%B3mo%20mejorar%20la%20administraci%C3%B3n%20residencial",,
,"control vehicular residencial","control-vehicular-residencial",,,"Transforma control vehicular residencial con Hausbox.","Hausbox simplifica control vehicular residencial con automatización, pagos en línea y control residencial inteligente.","Control Vehicular Residencial | Hausbox Software para Condominios","Hausbox, el Software para Condominios #1 en México. Optimiza control vehicular residencial, automatiza procesos, mejora la cobranza y digitaliza la administración residencial con una plataforma moderna y eficiente.","2a319bd0-8214-4ee7-8d5b-23175de067ee",2026-06-12T20:24:41Z,2026-07-23T02:57:55Z,"45119e62-fb47-42df-8e3f-62a36597ee45","https://wa.me/525574374431?text=SW-%20Hola%20quisiera%20m%C3%A1s%20informaci%C3%B3n%20de%20control%20vehicular%20residencial",,
,"plataforma simple residencial","plataforma-simple-residencial",,,"Transforma plataforma simple residencial con Hausbox.","Hausbox simplifica plataforma simple residencial con automatización, pagos en línea y control residencial inteligente.","Plataforma Simple Residencial | Hausbox Software para Condominios","Hausbox, el Software para Condominios #1 en México. Optimiza plataforma simple residencial, automatiza procesos, mejora la cobranza y digitaliza la administración residencial con una plataforma moderna y eficiente.","2c0c434e-27f8-4695-b97a-1ed654529e85",2026-07-23T02:56:34Z,2026-07-23T02:57:55Z,"69fcc116-239a-4a02-9d94-8cc5b6914ded","https://wa.me/525574374431?text=SW-%20Hola%20quisiera%20m%C3%A1s%20informaci%C3%B3n%20de%20plataforma%20simple%20residencial",,
,"administración digital de fraccionamientos","administracion-digital-de-fraccionamientos",,,"Transforma administración digital de fraccionamientos con Hausbox.","Hausbox simplifica administración digital de fraccionamientos con automatización, pagos en línea y control residencial inteligente.","Administración Digital De Fraccionamientos | Hausbox Software para Condominios","Hausbox, el Software para Condominios #1 en México. Optimiza administración digital de fraccionamientos, automatiza procesos, mejora la cobranza y digitaliza la administración residencial con una plataforma moderna y eficiente.","2fb29f57-dde7-40be-a64f-8d28435b0959",2026-07-23T02:56:34Z,2026-07-23T02:57:55Z,"69fcc116-239a-4a02-9d94-8cc5b6914ded","https://wa.me/525574374431?text=SW-%20Hola%20quisiera%20m%C3%A1s%20informaci%C3%B3n%20de%20administraci%C3%B3n%20digital%20de%20fraccionamientos",,
,"app profesional para residentes","app-profesional-para-residentes",,,"Transforma app profesional para residentes con Hausbox.","Hausbox simplifica app profesional para residentes con automatización, pagos en línea y control residencial inteligente.","App Profesional Para Residentes | Hausbox Software para Condominios","Hausbox, el Software para Condominios #1 en México. Optimiza app profesional para residentes, automatiza procesos, mejora la cobranza y digitaliza la administración residencial con una plataforma moderna y eficiente.","31fec2d8-fc65-4af2-a5a4-0c5a1fa22066",2026-07-23T02:56:34Z,2026-07-23T02:57:55Z,"69fcc116-239a-4a02-9d94-8cc5b6914ded","https://wa.me/525574374431?text=SW-%20Hola%20quisiera%20m%C3%A1s%20informaci%C3%B3n%20de%20app%20profesional%20para%20residentes",,
,"plataforma para condominios","plataforma-para-condominios",,,"Transforma plataforma para condominios con Hausbox.","Hausbox simplifica plataforma para condominios con automatización, pagos en línea y control residencial inteligente.","Plataforma Para Condominios | Hausbox Software para Condominios","Hausbox, el Software para Condominios #1 en México. Optimiza plataforma para condominios, automatiza procesos, mejora la cobranza y digitaliza la administración residencial con una plataforma moderna y eficiente.","32f9b5b2-c3de-4866-8ef8-30b540db25ca",2026-06-12T20:24:41Z,2026-07-23T02:57:55Z,"45119e62-fb47-42df-8e3f-62a36597ee45","https://wa.me/525574374431?text=SW-%20Hola%20quisiera%20m%C3%A1s%20informaci%C3%B3n%20de%20plataforma%20para%20condominios",,
,"cómo cobrar cuotas condominales","como-cobrar-cuotas-condominales",,,"Transforma cómo cobrar cuotas condominales con Hausbox.","Hausbox simplifica cómo cobrar cuotas condominales con automatización, pagos en línea y control residencial inteligente.","Cómo Cobrar Cuotas Condominales | Hausbox Software para Condominios","Hausbox, el Software para Condominios #1 en México. Optimiza cómo cobrar cuotas condominales, automatiza procesos, mejora la cobranza y digitaliza la administración residencial con una plataforma moderna y eficiente.","35850f40-06ff-47b9-a5e1-3adffa16ff37",2026-07-23T02:56:34Z,2026-07-23T02:57:55Z,"69fcc116-239a-4a02-9d94-8cc5b6914ded","https://wa.me/525574374431?text=SW-%20Hola%20quisiera%20m%C3%A1s%20informaci%C3%B3n%20de%20c%C3%B3mo%20cobrar%20cuotas%20condominales",,
,"sistema profesional residencial","sistema-profesional-residencial",,,"Transforma sistema profesional residencial con Hausbox.","Hausbox simplifica sistema profesional residencial con automatización, pagos en línea y control residencial inteligente.","Sistema Profesional Residencial | Hausbox Software para Condominios","Hausbox, el Software para Condominios #1 en México. Optimiza sistema profesional residencial, automatiza procesos, mejora la cobranza y digitaliza la administración residencial con una plataforma moderna y eficiente.","35addd01-a30e-4c65-b095-fcae09e6250e",2026-07-23T02:56:34Z,2026-07-23T02:57:55Z,"69fcc116-239a-4a02-9d94-8cc5b6914ded","https://wa.me/525574374431?text=SW-%20Hola%20quisiera%20m%C3%A1s%20informaci%C3%B3n%20de%20sistema%20profesional%20residencial",,
,"app mexicana para condominios","app-mexicana-para-condominios",,,"Transforma app mexicana para condominios con Hausbox.","Hausbox simplifica app mexicana para condominios con automatización, pagos en línea y control residencial inteligente.","App Mexicana Para Condominios | Hausbox Software para Condominios","Hausbox, el Software para Condominios #1 en México. Optimiza app mexicana para condominios, automatiza procesos, mejora la cobranza y digitaliza la administración residencial con una plataforma moderna y eficiente.","35bda08a-ae37-4f92-a6b0-8db02f419206",2026-07-23T02:56:34Z,2026-07-23T02:57:55Z,"69fcc116-239a-4a02-9d94-8cc5b6914ded","https://wa.me/525574374431?text=SW-%20Hola%20quisiera%20m%C3%A1s%20informaci%C3%B3n%20de%20app%20mexicana%20para%20condominios",,
,"sistema integral para residentes","sistema-integral-para-residentes",,,"Transforma sistema integral para residentes con Hausbox.","Hausbox simplifica sistema integral para residentes con automatización, pagos en línea y control residencial inteligente.","Sistema Integral Para Residentes | Hausbox Software para Condominios","Hausbox, el Software para Condominios #1 en México. Optimiza sistema integral para residentes, automatiza procesos, mejora la cobranza y digitaliza la administración residencial con una plataforma moderna y eficiente.","36f5fbae-13b6-4557-8746-0411e5e46b2a",2026-07-23T02:56:34Z,2026-07-23T02:57:55Z,"69fcc116-239a-4a02-9d94-8cc5b6914ded","https://wa.me/525574374431?text=SW-%20Hola%20quisiera%20m%C3%A1s%20informaci%C3%B3n%20de%20sistema%20integral%20para%20residentes",,
,"cómo administrar edificios residenciales","como-administrar-edificios-residenciales",,,"Transforma cómo administrar edificios residenciales con Hausbox.","Hausbox simplifica cómo administrar edificios residenciales con automatización, pagos en línea y control residencial inteligente.","Cómo Administrar Edificios Residenciales | Hausbox Software para Condominios","Hausbox, el Software para Condominios #1 en México. Optimiza cómo administrar edificios residenciales, automatiza procesos, mejora la cobranza y digitaliza la administración residencial con una plataforma moderna y eficiente.","395b8a0c-032a-4d20-a05b-e4867912b627",2026-07-23T02:56:34Z,2026-07-23T02:57:55Z,"69fcc116-239a-4a02-9d94-8cc5b6914ded","https://wa.me/525574374431?text=SW-%20Hola%20quisiera%20m%C3%A1s%20informaci%C3%B3n%20de%20c%C3%B3mo%20administrar%20edificios%20residenciales",,
,"cómo organizar pagos de mantenimiento","como-organizar-pagos-de-mantenimiento",,,"Transforma cómo organizar pagos de mantenimiento con Hausbox.","Hausbox simplifica cómo organizar pagos de mantenimiento con automatización, pagos en línea y control residencial inteligente.","Cómo Organizar Pagos De Mantenimiento | Hausbox Software para Condominios","Hausbox, el Software para Condominios #1 en México. Optimiza cómo organizar pagos de mantenimiento, automatiza procesos, mejora la cobranza y digitaliza la administración residencial con una plataforma moderna y eficiente.","3a0b379f-c3d7-4332-bcb3-cf518050ecf5",2026-07-23T02:56:34Z,2026-07-23T02:57:55Z,"69fcc116-239a-4a02-9d94-8cc5b6914ded","https://wa.me/525574374431?text=SW-%20Hola%20quisiera%20m%C3%A1s%20informaci%C3%B3n%20de%20c%C3%B3mo%20organizar%20pagos%20de%20mantenimiento",,
,"sistema para edificios residenciales","sistema-para-edificios-residenciales",,,"Transforma sistema para edificios residenciales con Hausbox.","Hausbox simplifica sistema para edificios residenciales con automatización, pagos en línea y control residencial inteligente.","Sistema Para Edificios Residenciales | Hausbox Software para Condominios","Hausbox, el Software para Condominios #1 en México. Optimiza sistema para edificios residenciales, automatiza procesos, mejora la cobranza y digitaliza la administración residencial con una plataforma moderna y eficiente.","3a9bf48b-7533-4c1e-9b27-d62f19d7bba9",2026-06-12T20:24:41Z,2026-07-23T02:57:55Z,"45119e62-fb47-42df-8e3f-62a36597ee45","https://wa.me/525574374431?text=SW-%20Hola%20quisiera%20m%C3%A1s%20informaci%C3%B3n%20de%20sistema%20para%20edificios%20residenciales",,
,"software de operación condominal","software-de-operacion-condominal",,,"Transforma software de operación condominal con Hausbox.","Hausbox simplifica software de operación condominal con automatización, pagos en línea y control residencial inteligente.","Software De Operación Condominal | Hausbox Software para Condominios","Hausbox, el Software para Condominios #1 en México. Optimiza software de operación condominal, automatiza procesos, mejora la cobranza y digitaliza la administración residencial con una plataforma moderna y eficiente.","3ae994c0-7173-4e9b-97f3-12f9b166e423",2026-06-12T20:24:41Z,2026-07-23T02:57:55Z,"45119e62-fb47-42df-8e3f-62a36597ee45","https://wa.me/525574374431?text=SW-%20Hola%20quisiera%20m%C3%A1s%20informaci%C3%B3n%20de%20software%20de%20operaci%C3%B3n%20condominal",,
,"sistema automatizado residencial","sistema-automatizado-residencial",,,"Transforma sistema automatizado residencial con Hausbox.","Hausbox simplifica sistema automatizado residencial con automatización, pagos en línea y control residencial inteligente.","Sistema Automatizado Residencial | Hausbox Software para Condominios","Hausbox, el Software para Condominios #1 en México. Optimiza sistema automatizado residencial, automatiza procesos, mejora la cobranza y digitaliza la administración residencial con una plataforma moderna y eficiente.","3b98532c-77c1-4dd4-8167-a0374cd928ad",2026-07-23T02:56:34Z,2026-07-23T02:57:55Z,"69fcc116-239a-4a02-9d94-8cc5b6914ded","https://wa.me/525574374431?text=SW-%20Hola%20quisiera%20m%C3%A1s%20informaci%C3%B3n%20de%20sistema%20automatizado%20residencial",,
,"plataforma para fraccionamientos","plataforma-para-fraccionamientos",,,"Transforma plataforma para fraccionamientos con Hausbox.","Hausbox simplifica plataforma para fraccionamientos con automatización, pagos en línea y control residencial inteligente.","Plataforma Para Fraccionamientos | Hausbox Software para Condominios","Hausbox, el Software para Condominios #1 en México. Optimiza plataforma para fraccionamientos, automatiza procesos, mejora la cobranza y digitaliza la administración residencial con una plataforma moderna y eficiente.","3bbcd9e1-c0c5-4f6f-a159-357eff09cd63",2026-07-23T02:56:34Z,2026-07-23T02:57:55Z,"69fcc116-239a-4a02-9d94-8cc5b6914ded","https://wa.me/525574374431?text=SW-%20Hola%20quisiera%20m%C3%A1s%20informaci%C3%B3n%20de%20plataforma%20para%20fraccionamientos",,
,"app para privadas residenciales","app-para-privadas-residenciales",,,"Transforma app para privadas residenciales con Hausbox.","Hausbox simplifica app para privadas residenciales con automatización, pagos en línea y control residencial inteligente.","App Para Privadas Residenciales | Hausbox Software para Condominios","Hausbox, el Software para Condominios #1 en México. Optimiza app para privadas residenciales, automatiza procesos, mejora la cobranza y digitaliza la administración residencial con una plataforma moderna y eficiente.","3eeb1264-30e9-4b90-a8d4-8260d64744d4",2026-07-23T02:56:34Z,2026-07-23T02:57:55Z,"69fcc116-239a-4a02-9d94-8cc5b6914ded","https://wa.me/525574374431?text=SW-%20Hola%20quisiera%20m%C3%A1s%20informaci%C3%B3n%20de%20app%20para%20privadas%20residenciales",,
,"cómo organizar cuotas de mantenimiento","como-organizar-cuotas-de-mantenimiento",,,"Transforma cómo organizar cuotas de mantenimiento con Hausbox.","Hausbox simplifica cómo organizar cuotas de mantenimiento con automatización, pagos en línea y control residencial inteligente.","Cómo Organizar Cuotas De Mantenimiento | Hausbox Software para Condominios","Hausbox, el Software para Condominios #1 en México. Optimiza cómo organizar cuotas de mantenimiento, automatiza procesos, mejora la cobranza y digitaliza la administración residencial con una plataforma moderna y eficiente.","42b05c86-e245-41e9-9530-588fd19d6b98",2026-06-12T20:24:41Z,2026-07-23T02:57:55Z,"45119e62-fb47-42df-8e3f-62a36597ee45","https://wa.me/525574374431?text=SW-%20Hola%20quisiera%20m%C3%A1s%20informaci%C3%B3n%20de%20c%C3%B3mo%20organizar%20cuotas%20de%20mantenimiento",,
,"administración inteligente residencial","administracion-inteligente-residencial",,,"Transforma administración inteligente residencial con Hausbox.","Hausbox simplifica administración inteligente residencial con automatización, pagos en línea y control residencial inteligente.","Administración Inteligente Residencial | Hausbox Software para Condominios","Hausbox, el Software para Condominios #1 en México. Optimiza administración inteligente residencial, automatiza procesos, mejora la cobranza y digitaliza la administración residencial con una plataforma moderna y eficiente.","4d9a8910-9534-49de-b4e3-405d235214a1",2026-06-12T20:24:41Z,2026-07-23T02:57:55Z,"45119e62-fb47-42df-8e3f-62a36597ee45","https://wa.me/525574374431?text=SW-%20Hola%20quisiera%20m%C3%A1s%20informaci%C3%B3n%20de%20administraci%C3%B3n%20inteligente%20residencial",,
,"administración digital de condominios","administracion-digital-de-condominios",,,"Transforma administración digital de condominios con Hausbox.","Hausbox simplifica administración digital de condominios con automatización, pagos en línea y control residencial inteligente.","Administración Digital De Condominios | Hausbox Software para Condominios","Hausbox, el Software para Condominios #1 en México. Optimiza administración digital de condominios, automatiza procesos, mejora la cobranza y digitaliza la administración residencial con una plataforma moderna y eficiente.","4e51fc1f-d5c2-4601-a1b5-b47f442ddc39",2026-06-12T20:24:41Z,2026-07-23T02:57:55Z,"45119e62-fb47-42df-8e3f-62a36597ee45","https://wa.me/525574374431?text=SW-%20Hola%20quisiera%20m%C3%A1s%20informaci%C3%B3n%20de%20administraci%C3%B3n%20digital%20de%20condominios",,
,"contratar software para condominios","contratar-software-para-condominios",,,"Transforma contratar software para condominios con Hausbox.","Hausbox simplifica contratar software para condominios con automatización, pagos en línea y control residencial inteligente.","Contratar Software Para Condominios | Hausbox Software para Condominios","Hausbox, el Software para Condominios #1 en México. Optimiza contratar software para condominios, automatiza procesos, mejora la cobranza y digitaliza la administración residencial con una plataforma moderna y eficiente.","4e784307-f5e8-4f65-bd0c-09b338d4880c",2026-06-12T20:24:41Z,2026-07-23T02:57:55Z,"45119e62-fb47-42df-8e3f-62a36597ee45","https://wa.me/525574374431?text=SW-%20Hola%20quisiera%20m%C3%A1s%20informaci%C3%B3n%20de%20contratar%20software%20para%20condominios",,
,"pagos en línea para residentes","pagos-en-linea-para-residentes",,,"Transforma pagos en línea para residentes con Hausbox.","Hausbox simplifica pagos en línea para residentes con automatización, pagos en línea y control residencial inteligente.","Pagos En Línea Para Residentes | Hausbox Software para Condominios","Hausbox, el Software para Condominios #1 en México. Optimiza pagos en línea para residentes, automatiza procesos, mejora la cobranza y digitaliza la administración residencial con una plataforma moderna y eficiente.","51c10018-918b-4594-9f73-867a40af2d73",2026-06-12T20:24:41Z,2026-07-23T02:57:55Z,"45119e62-fb47-42df-8e3f-62a36597ee45","https://wa.me/525574374431?text=SW-%20Hola%20quisiera%20m%C3%A1s%20informaci%C3%B3n%20de%20pagos%20en%20l%C3%ADnea%20para%20residentes",,
,"digitalizar administración residencial","digitalizar-administracion-residencial",,,"Transforma digitalizar administración residencial con Hausbox.","Hausbox simplifica digitalizar administración residencial con automatización, pagos en línea y control residencial inteligente.","Digitalizar Administración Residencial | Hausbox Software para Condominios","Hausbox, el Software para Condominios #1 en México. Optimiza digitalizar administración residencial, automatiza procesos, mejora la cobranza y digitaliza la administración residencial con una plataforma moderna y eficiente.","54e0e198-0a10-406b-a6aa-0b9d11afb47e",2026-07-23T02:56:34Z,2026-07-23T02:57:55Z,"69fcc116-239a-4a02-9d94-8cc5b6914ded","https://wa.me/525574374431?text=SW-%20Hola%20quisiera%20m%C3%A1s%20informaci%C3%B3n%20de%20digitalizar%20administraci%C3%B3n%20residencial",,
,"app para edificios residenciales","app-para-edificios-residenciales",,,"Transforma app para edificios residenciales con Hausbox.","Hausbox simplifica app para edificios residenciales con automatización, pagos en línea y control residencial inteligente.","App Para Edificios Residenciales | Hausbox Software para Condominios","Hausbox, el Software para Condominios #1 en México. Optimiza app para edificios residenciales, automatiza procesos, mejora la cobranza y digitaliza la administración residencial con una plataforma moderna y eficiente.","5541a46f-c7c4-43e2-8d55-258ad9e77687",2026-06-12T20:24:41Z,2026-07-23T02:57:55Z,"45119e62-fb47-42df-8e3f-62a36597ee45","https://wa.me/525574374431?text=SW-%20Hola%20quisiera%20m%C3%A1s%20informaci%C3%B3n%20de%20app%20para%20edificios%20residenciales",,
,"demo software condominios","demo-software-condominios",,,"Transforma demo software condominios con Hausbox.","Hausbox simplifica demo software condominios con automatización, pagos en línea y control residencial inteligente.","Demo Software Condominios | Hausbox Software para Condominios","Hausbox, el Software para Condominios #1 en México. Optimiza demo software condominios, automatiza procesos, mejora la cobranza y digitaliza la administración residencial con una plataforma moderna y eficiente.","5552df6e-9e92-4e3d-a7fc-ab1cd36aefea",2026-06-12T20:24:41Z,2026-07-23T02:57:55Z,"45119e62-fb47-42df-8e3f-62a36597ee45","https://wa.me/525574374431?text=SW-%20Hola%20quisiera%20m%C3%A1s%20informaci%C3%B3n%20de%20demo%20software%20condominios",,
,"plataforma para vecinos","plataforma-para-vecinos",,,"Transforma plataforma para vecinos con Hausbox.","Hausbox simplifica plataforma para vecinos con automatización, pagos en línea y control residencial inteligente.","Plataforma Para Vecinos | Hausbox Software para Condominios","Hausbox, el Software para Condominios #1 en México. Optimiza plataforma para vecinos, automatiza procesos, mejora la cobranza y digitaliza la administración residencial con una plataforma moderna y eficiente.","58773b1b-d807-430f-8952-70cde9609b2c",2026-06-12T20:24:41Z,2026-07-23T02:57:55Z,"45119e62-fb47-42df-8e3f-62a36597ee45","https://wa.me/525574374431?text=SW-%20Hola%20quisiera%20m%C3%A1s%20informaci%C3%B3n%20de%20plataforma%20para%20vecinos",,
,"app de gestión residencial","app-de-gestion-residencial",,,"Transforma app de gestión residencial con Hausbox.","Hausbox simplifica app de gestión residencial con automatización, pagos en línea y control residencial inteligente.","App De Gestión Residencial | Hausbox Software para Condominios","Hausbox, el Software para Condominios #1 en México. Optimiza app de gestión residencial, automatiza procesos, mejora la cobranza y digitaliza la administración residencial con una plataforma moderna y eficiente.","5a26aaf0-5e81-48cb-8f14-0c134963e48b",2026-07-23T02:56:34Z,2026-07-23T02:57:55Z,"69fcc116-239a-4a02-9d94-8cc5b6914ded","https://wa.me/525574374431?text=SW-%20Hola%20quisiera%20m%C3%A1s%20informaci%C3%B3n%20de%20app%20de%20gesti%C3%B3n%20residencial",,
,"cómo evitar morosidad en condominios","como-evitar-morosidad-en-condominios",,,"Transforma cómo evitar morosidad en condominios con Hausbox.","Hausbox simplifica cómo evitar morosidad en condominios con automatización, pagos en línea y control residencial inteligente.","Cómo Evitar Morosidad En Condominios | Hausbox Software para Condominios","Hausbox, el Software para Condominios #1 en México. Optimiza cómo evitar morosidad en condominios, automatiza procesos, mejora la cobranza y digitaliza la administración residencial con una plataforma moderna y eficiente.","5adbbf86-e724-4f9e-b5f8-a82b090851a2",2026-07-23T02:56:34Z,2026-07-23T02:57:55Z,"69fcc116-239a-4a02-9d94-8cc5b6914ded","https://wa.me/525574374431?text=SW-%20Hola%20quisiera%20m%C3%A1s%20informaci%C3%B3n%20de%20c%C3%B3mo%20evitar%20morosidad%20en%20condominios",,
,"mejor software para condominios","mejor-software-para-condominios",,,"Transforma mejor software para condominios con Hausbox.","Hausbox simplifica mejor software para condominios con automatización, pagos en línea y control residencial inteligente.","Mejor Software Para Condominios | Hausbox Software para Condominios","Hausbox, el Software para Condominios #1 en México. Optimiza mejor software para condominios, automatiza procesos, mejora la cobranza y digitaliza la administración residencial con una plataforma moderna y eficiente.","5c4ccb7d-b050-448c-92a5-b6489637c57b",2026-07-23T02:56:34Z,2026-07-23T02:57:55Z,"69fcc116-239a-4a02-9d94-8cc5b6914ded","https://wa.me/525574374431?text=SW-%20Hola%20quisiera%20m%C3%A1s%20informaci%C3%B3n%20de%20mejor%20software%20para%20condominios",,
,"automatización de condominios","automatizacion-de-condominios",,,"Transforma automatización de condominios con Hausbox.","Hausbox simplifica automatización de condominios con automatización, pagos en línea y control residencial inteligente.","Automatización De Condominios | Hausbox Software para Condominios","Hausbox, el Software para Condominios #1 en México. Optimiza automatización de condominios, automatiza procesos, mejora la cobranza y digitaliza la administración residencial con una plataforma moderna y eficiente.","60080a67-1452-456b-bf85-093696cb988d",2026-07-23T02:56:34Z,2026-07-23T02:57:55Z,"69fcc116-239a-4a02-9d94-8cc5b6914ded","https://wa.me/525574374431?text=SW-%20Hola%20quisiera%20m%C3%A1s%20informaci%C3%B3n%20de%20automatizaci%C3%B3n%20de%20condominios",,
,"plataforma para residentes","plataforma-para-residentes",,,"Transforma plataforma para residentes con Hausbox.","Hausbox simplifica plataforma para residentes con automatización, pagos en línea y control residencial inteligente.","Plataforma Para Residentes | Hausbox Software para Condominios","Hausbox, el Software para Condominios #1 en México. Optimiza plataforma para residentes, automatiza procesos, mejora la cobranza y digitaliza la administración residencial con una plataforma moderna y eficiente.","6579dc74-5467-43ab-a452-fb2787eb2826",2026-06-12T20:24:41Z,2026-07-23T02:57:55Z,"45119e62-fb47-42df-8e3f-62a36597ee45","https://wa.me/525574374431?text=SW-%20Hola%20quisiera%20m%C3%A1s%20informaci%C3%B3n%20de%20plataforma%20para%20residentes",,
,"automatizar pagos condominales","automatizar-pagos-condominales",,,"Transforma automatizar pagos condominales con Hausbox.","Hausbox simplifica automatizar pagos condominales con automatización, pagos en línea y control residencial inteligente.","Automatizar Pagos Condominales | Hausbox Software para Condominios","Hausbox, el Software para Condominios #1 en México. Optimiza automatizar pagos condominales, automatiza procesos, mejora la cobranza y digitaliza la administración residencial con una plataforma moderna y eficiente.","6adac611-315a-4712-adac-a42abb1cbfb6",2026-06-12T20:24:41Z,2026-07-23T02:57:55Z,"45119e62-fb47-42df-8e3f-62a36597ee45","https://wa.me/525574374431?text=SW-%20Hola%20quisiera%20m%C3%A1s%20informaci%C3%B3n%20de%20automatizar%20pagos%20condominales",,
,"plataforma de acceso condominal","plataforma-de-acceso-condominal",,,"Transforma plataforma de acceso condominal con Hausbox.","Hausbox simplifica plataforma de acceso condominal con automatización, pagos en línea y control residencial inteligente.","Plataforma De Acceso Condominal | Hausbox Software para Condominios","Hausbox, el Software para Condominios #1 en México. Optimiza plataforma de acceso condominal, automatiza procesos, mejora la cobranza y digitaliza la administración residencial con una plataforma moderna y eficiente.","6b5ef6f4-da99-4273-9b4c-07cef7e3ef57",2026-06-12T20:24:41Z,2026-07-23T02:57:55Z,"45119e62-fb47-42df-8e3f-62a36597ee45","https://wa.me/525574374431?text=SW-%20Hola%20quisiera%20m%C3%A1s%20informaci%C3%B3n%20de%20plataforma%20de%20acceso%20condominal",,
,"software para estados de cuenta","software-para-estados-de-cuenta",,,"Transforma software para estados de cuenta con Hausbox.","Hausbox simplifica software para estados de cuenta con automatización, pagos en línea y control residencial inteligente.","Software Para Estados De Cuenta | Hausbox Software para Condominios","Hausbox, el Software para Condominios #1 en México. Optimiza software para estados de cuenta, automatiza procesos, mejora la cobranza y digitaliza la administración residencial con una plataforma moderna y eficiente.","6b99548e-f77c-4465-8da2-7c5bf8d84a51",2026-06-12T20:24:41Z,2026-07-23T02:57:55Z,"45119e62-fb47-42df-8e3f-62a36597ee45","https://wa.me/525574374431?text=SW-%20Hola%20quisiera%20m%C3%A1s%20informaci%C3%B3n%20de%20software%20para%20estados%20de%20cuenta",,
,"sistema de avisos residenciales","sistema-de-avisos-residenciales",,,"Transforma sistema de avisos residenciales con Hausbox.","Hausbox simplifica sistema de avisos residenciales con automatización, pagos en línea y control residencial inteligente.","Sistema De Avisos Residenciales | Hausbox Software para Condominios","Hausbox, el Software para Condominios #1 en México. Optimiza sistema de avisos residenciales, automatiza procesos, mejora la cobranza y digitaliza la administración residencial con una plataforma moderna y eficiente.","6d4f1539-b34b-4659-9f9c-1e5987a2079b",2026-06-12T20:24:41Z,2026-07-23T02:57:55Z,"45119e62-fb47-42df-8e3f-62a36597ee45","https://wa.me/525574374431?text=SW-%20Hola%20quisiera%20m%C3%A1s%20informaci%C3%B3n%20de%20sistema%20de%20avisos%20residenciales",,
,"software para automatizar cobranza","software-para-automatizar-cobranza",,,"Transforma software para automatizar cobranza con Hausbox.","Hausbox simplifica software para automatizar cobranza con automatización, pagos en línea y control residencial inteligente.","Software Para Automatizar Cobranza | Hausbox Software para Condominios","Hausbox, el Software para Condominios #1 en México. Optimiza software para automatizar cobranza, automatiza procesos, mejora la cobranza y digitaliza la administración residencial con una plataforma moderna y eficiente.","6da69c62-decd-46b8-a8e9-249ead8e2600",2026-07-23T02:56:34Z,2026-07-23T02:57:55Z,"69fcc116-239a-4a02-9d94-8cc5b6914ded","https://wa.me/525574374431?text=SW-%20Hola%20quisiera%20m%C3%A1s%20informaci%C3%B3n%20de%20software%20para%20automatizar%20cobranza",,
,"software de seguridad condominal","software-de-seguridad-condominal",,,"Transforma software de seguridad condominal con Hausbox.","Hausbox simplifica software de seguridad condominal con automatización, pagos en línea y control residencial inteligente.","Software De Seguridad Condominal | Hausbox Software para Condominios","Hausbox, el Software para Condominios #1 en México. Optimiza software de seguridad condominal, automatiza procesos, mejora la cobranza y digitaliza la administración residencial con una plataforma moderna y eficiente.","6edbf8b2-d5b7-41c7-990b-5243de2cf05f",2026-06-12T20:24:41Z,2026-07-23T02:57:55Z,"45119e62-fb47-42df-8e3f-62a36597ee45","https://wa.me/525574374431?text=SW-%20Hola%20quisiera%20m%C3%A1s%20informaci%C3%B3n%20de%20software%20de%20seguridad%20condominal",,
,"sistema de pagos para vecinos","sistema-de-pagos-para-vecinos",,,"Transforma sistema de pagos para vecinos con Hausbox.","Hausbox simplifica sistema de pagos para vecinos con automatización, pagos en línea y control residencial inteligente.","Sistema De Pagos Para Vecinos | Hausbox Software para Condominios","Hausbox, el Software para Condominios #1 en México. Optimiza sistema de pagos para vecinos, automatiza procesos, mejora la cobranza y digitaliza la administración residencial con una plataforma moderna y eficiente.","735c2b82-74b0-4115-9786-5fd561d5f018",2026-07-23T02:56:34Z,2026-07-23T02:57:55Z,"69fcc116-239a-4a02-9d94-8cc5b6914ded","https://wa.me/525574374431?text=SW-%20Hola%20quisiera%20m%C3%A1s%20informaci%C3%B3n%20de%20sistema%20de%20pagos%20para%20vecinos",,
,"plataforma profesional para condominios","plataforma-profesional-para-condominios",,,"Transforma plataforma profesional para condominios con Hausbox.","Hausbox simplifica plataforma profesional para condominios con automatización, pagos en línea y control residencial inteligente.","Plataforma Profesional Para Condominios | Hausbox Software para Condominios","Hausbox, el Software para Condominios #1 en México. Optimiza plataforma profesional para condominios, automatiza procesos, mejora la cobranza y digitaliza la administración residencial con una plataforma moderna y eficiente.","74ffbcb3-3ddc-4137-a11d-12cc75b61742",2026-07-23T02:56:34Z,2026-07-23T02:57:55Z,"69fcc116-239a-4a02-9d94-8cc5b6914ded","https://wa.me/525574374431?text=SW-%20Hola%20quisiera%20m%C3%A1s%20informaci%C3%B3n%20de%20plataforma%20profesional%20para%20condominios",,
,"cómo administrar fraccionamientos","como-administrar-fraccionamientos",,,"Transforma cómo administrar fraccionamientos con Hausbox.","Hausbox simplifica cómo administrar fraccionamientos con automatización, pagos en línea y control residencial inteligente.","Cómo Administrar Fraccionamientos | Hausbox Software para Condominios","Hausbox, el Software para Condominios #1 en México. Optimiza cómo administrar fraccionamientos, automatiza procesos, mejora la cobranza y digitaliza la administración residencial con una plataforma moderna y eficiente.","75cd0297-3aeb-4618-acb6-471e18e83840",2026-06-12T20:24:41Z,2026-07-23T02:57:55Z,"45119e62-fb47-42df-8e3f-62a36597ee45","https://wa.me/525574374431?text=SW-%20Hola%20quisiera%20m%C3%A1s%20informaci%C3%B3n%20de%20c%C3%B3mo%20administrar%20fraccionamientos",,
,"software para caseta residencial","software-para-caseta-residencial",,,"Transforma software para caseta residencial con Hausbox.","Hausbox simplifica software para caseta residencial con automatización, pagos en línea y control residencial inteligente.","Software Para Caseta Residencial | Hausbox Software para Condominios","Hausbox, el Software para Condominios #1 en México. Optimiza software para caseta residencial, automatiza procesos, mejora la cobranza y digitaliza la administración residencial con una plataforma moderna y eficiente.","7822b13a-b63b-4eee-ada1-76a44920d2d3",2026-06-12T20:24:41Z,2026-07-23T02:57:55Z,"45119e62-fb47-42df-8e3f-62a36597ee45","https://wa.me/525574374431?text=SW-%20Hola%20quisiera%20m%C3%A1s%20informaci%C3%B3n%20de%20software%20para%20caseta%20residencial",,
,"precio software para condominios","precio-software-para-condominios",,,"Transforma precio software para condominios con Hausbox.","Hausbox simplifica precio software para condominios con automatización, pagos en línea y control residencial inteligente.","Precio Software Para Condominios | Hausbox Software para Condominios","Hausbox, el Software para Condominios #1 en México. Optimiza precio software para condominios, automatiza procesos, mejora la cobranza y digitaliza la administración residencial con una plataforma moderna y eficiente.","79f21edf-900b-4020-bb9a-b909e17d5af3",2026-07-23T02:56:34Z,2026-07-23T02:57:55Z,"69fcc116-239a-4a02-9d94-8cc5b6914ded","https://wa.me/525574374431?text=SW-%20Hola%20quisiera%20m%C3%A1s%20informaci%C3%B3n%20de%20precio%20software%20para%20condominios",,
,"sistema sencillo para condominios","sistema-sencillo-para-condominios",,,"Transforma sistema sencillo para condominios con Hausbox.","Hausbox simplifica sistema sencillo para condominios con automatización, pagos en línea y control residencial inteligente.","Sistema Sencillo Para Condominios | Hausbox Software para Condominios","Hausbox, el Software para Condominios #1 en México. Optimiza sistema sencillo para condominios, automatiza procesos, mejora la cobranza y digitaliza la administración residencial con una plataforma moderna y eficiente.","7d4b4fdd-4523-4685-a5e2-a88131ab5f2c",2026-07-23T02:56:34Z,2026-07-23T02:57:55Z,"69fcc116-239a-4a02-9d94-8cc5b6914ded","https://wa.me/525574374431?text=SW-%20Hola%20quisiera%20m%C3%A1s%20informaci%C3%B3n%20de%20sistema%20sencillo%20para%20condominios",,
,"sistema para administración online","sistema-para-administracion-online",,,"Transforma sistema para administración online con Hausbox.","Hausbox simplifica sistema para administración online con automatización, pagos en línea y control residencial inteligente.","Sistema Para Administración Online | Hausbox Software para Condominios","Hausbox, el Software para Condominios #1 en México. Optimiza sistema para administración online, automatiza procesos, mejora la cobranza y digitaliza la administración residencial con una plataforma moderna y eficiente.","7fa7fa1a-861c-4be7-a6f1-58231308d09f",2026-07-23T02:56:34Z,2026-07-23T02:57:55Z,"69fcc116-239a-4a02-9d94-8cc5b6914ded","https://wa.me/525574374431?text=SW-%20Hola%20quisiera%20m%C3%A1s%20informaci%C3%B3n%20de%20sistema%20para%20administraci%C3%B3n%20online",,
,"sistema QR para visitas","sistema-qr-para-visitas",,,"Transforma sistema QR para visitas con Hausbox.","Hausbox simplifica sistema QR para visitas con automatización, pagos en línea y control residencial inteligente.","Sistema Qr Para Visitas | Hausbox Software para Condominios","Hausbox, el Software para Condominios #1 en México. Optimiza sistema QR para visitas, automatiza procesos, mejora la cobranza y digitaliza la administración residencial con una plataforma moderna y eficiente.","811c8bf2-eee6-481d-bda2-671f2be099ee",2026-06-12T20:24:41Z,2026-07-23T02:57:55Z,"45119e62-fb47-42df-8e3f-62a36597ee45","https://wa.me/525574374431?text=SW-%20Hola%20quisiera%20m%C3%A1s%20informaci%C3%B3n%20de%20sistema%20QR%20para%20visitas",,
,"software económico para condominios","software-economico-para-condominios",,,"Transforma software económico para condominios con Hausbox.","Hausbox simplifica software económico para condominios con automatización, pagos en línea y control residencial inteligente.","Software Económico Para Condominios | Hausbox Software para Condominios","Hausbox, el Software para Condominios #1 en México. Optimiza software económico para condominios, automatiza procesos, mejora la cobranza y digitaliza la administración residencial con una plataforma moderna y eficiente.","8748e92c-27f9-4ad9-93a0-65e3095859a1",2026-07-23T02:56:34Z,2026-07-23T02:57:55Z,"69fcc116-239a-4a02-9d94-8cc5b6914ded","https://wa.me/525574374431?text=SW-%20Hola%20quisiera%20m%C3%A1s%20informaci%C3%B3n%20de%20software%20econ%C3%B3mico%20para%20condominios",,
,"herramienta para administrar edificios","herramienta-para-administrar-edificios",,,"Transforma herramienta para administrar edificios con Hausbox.","Hausbox simplifica herramienta para administrar edificios con automatización, pagos en línea y control residencial inteligente.","Herramienta Para Administrar Edificios | Hausbox Software para Condominios","Hausbox, el Software para Condominios #1 en México. Optimiza herramienta para administrar edificios, automatiza procesos, mejora la cobranza y digitaliza la administración residencial con una plataforma moderna y eficiente.","8859d4ce-2b2e-4624-bf9d-2e678ecef0a3",2026-07-23T02:56:34Z,2026-07-23T02:57:55Z,"69fcc116-239a-4a02-9d94-8cc5b6914ded","https://wa.me/525574374431?text=SW-%20Hola%20quisiera%20m%C3%A1s%20informaci%C3%B3n%20de%20herramienta%20para%20administrar%20edificios",,
,"administración residencial online","administracion-residencial-online",,,"Transforma administración residencial online con Hausbox.","Hausbox simplifica administración residencial online con automatización, pagos en línea y control residencial inteligente.","Administración Residencial Online | Hausbox Software para Condominios","Hausbox, el Software para Condominios #1 en México. Optimiza administración residencial online, automatiza procesos, mejora la cobranza y digitaliza la administración residencial con una plataforma moderna y eficiente.","8988577a-09cf-49ac-9916-9ea79b719b5c",2026-07-23T02:56:34Z,2026-07-23T02:57:55Z,"69fcc116-239a-4a02-9d94-8cc5b6914ded","https://wa.me/525574374431?text=SW-%20Hola%20quisiera%20m%C3%A1s%20informaci%C3%B3n%20de%20administraci%C3%B3n%20residencial%20online",,
,"app de comunicación para condominios","app-de-comunicacion-para-condominios",,,"Transforma app de comunicación para condominios con Hausbox.","Hausbox simplifica app de comunicación para condominios con automatización, pagos en línea y control residencial inteligente.","App De Comunicación Para Condominios | Hausbox Software para Condominios","Hausbox, el Software para Condominios #1 en México. Optimiza app de comunicación para condominios, automatiza procesos, mejora la cobranza y digitaliza la administración residencial con una plataforma moderna y eficiente.","8d07425d-2cc3-4f24-b16b-379082923628",2026-06-12T20:24:41Z,2026-07-23T02:57:55Z,"45119e62-fb47-42df-8e3f-62a36597ee45","https://wa.me/525574374431?text=SW-%20Hola%20quisiera%20m%C3%A1s%20informaci%C3%B3n%20de%20app%20de%20comunicaci%C3%B3n%20para%20condominios",,
,"cómo controlar acceso de visitas","como-controlar-acceso-de-visitas",,,"Transforma cómo controlar acceso de visitas con Hausbox.","Hausbox simplifica cómo controlar acceso de visitas con automatización, pagos en línea y control residencial inteligente.","Cómo Controlar Acceso De Visitas | Hausbox Software para Condominios","Hausbox, el Software para Condominios #1 en México. Optimiza cómo controlar acceso de visitas, automatiza procesos, mejora la cobranza y digitaliza la administración residencial con una plataforma moderna y eficiente.","8e86e26d-5061-4b91-adc3-ef45376fbf6e",2026-07-23T02:56:34Z,2026-07-23T02:57:55Z,"69fcc116-239a-4a02-9d94-8cc5b6914ded","https://wa.me/525574374431?text=SW-%20Hola%20quisiera%20m%C3%A1s%20informaci%C3%B3n%20de%20c%C3%B3mo%20controlar%20acceso%20de%20visitas",,
,"sistema de cobranza condominal","sistema-de-cobranza-condominal",,,"Transforma sistema de cobranza condominal con Hausbox.","Hausbox simplifica sistema de cobranza condominal con automatización, pagos en línea y control residencial inteligente.","Sistema De Cobranza Condominal | Hausbox Software para Condominios","Hausbox, el Software para Condominios #1 en México. Optimiza sistema de cobranza condominal, automatiza procesos, mejora la cobranza y digitaliza la administración residencial con una plataforma moderna y eficiente.","90b2dc18-7a2e-4f51-9e2d-b2858b78ff1e",2026-06-12T20:24:41Z,2026-07-23T02:57:55Z,"45119e62-fb47-42df-8e3f-62a36597ee45","https://wa.me/525574374431?text=SW-%20Hola%20quisiera%20m%C3%A1s%20informaci%C3%B3n%20de%20sistema%20de%20cobranza%20condominal",,
,"sistema de cobranza para condominios","sistema-de-cobranza-para-condominios",,,"Transforma sistema de cobranza para condominios con Hausbox.","Hausbox simplifica sistema de cobranza para condominios con automatización, pagos en línea y control residencial inteligente.","Sistema De Cobranza Para Condominios | Hausbox Software para Condominios","Hausbox, el Software para Condominios #1 en México. Optimiza sistema de cobranza para condominios, automatiza procesos, mejora la cobranza y digitaliza la administración residencial con una plataforma moderna y eficiente.","93dc8f96-68ff-467e-9e4a-67d686135a81",2026-06-12T20:24:41Z,2026-07-23T02:57:55Z,"45119e62-fb47-42df-8e3f-62a36597ee45","https://wa.me/525574374431?text=SW-%20Hola%20quisiera%20m%C3%A1s%20informaci%C3%B3n%20de%20sistema%20de%20cobranza%20para%20condominios",,
,"cómo controlar pagos residenciales","como-controlar-pagos-residenciales",,,"Transforma cómo controlar pagos residenciales con Hausbox.","Hausbox simplifica cómo controlar pagos residenciales con automatización, pagos en línea y control residencial inteligente.","Cómo Controlar Pagos Residenciales | Hausbox Software para Condominios","Hausbox, el Software para Condominios #1 en México. Optimiza cómo controlar pagos residenciales, automatiza procesos, mejora la cobranza y digitaliza la administración residencial con una plataforma moderna y eficiente.","949ca536-7bf5-4b9c-b908-dc5cf0b66a68",2026-06-12T20:24:41Z,2026-07-23T02:57:55Z,"45119e62-fb47-42df-8e3f-62a36597ee45","https://wa.me/525574374431?text=SW-%20Hola%20quisiera%20m%C3%A1s%20informaci%C3%B3n%20de%20c%C3%B3mo%20controlar%20pagos%20residenciales",,
,"software para fraccionamientos","software-para-fraccionamientos",,,"Transforma software para fraccionamientos con Hausbox.","Hausbox simplifica software para fraccionamientos con automatización, pagos en línea y control residencial inteligente.","Software Para Fraccionamientos | Hausbox Software para Condominios","Hausbox, el Software para Condominios #1 en México. Optimiza software para fraccionamientos, automatiza procesos, mejora la cobranza y digitaliza la administración residencial con una plataforma moderna y eficiente.","971ac486-2034-412f-bf74-5b64ca41b5ec",2026-06-12T20:24:41Z,2026-07-23T02:57:55Z,"45119e62-fb47-42df-8e3f-62a36597ee45","https://wa.me/525574374431?text=SW-%20Hola%20quisiera%20m%C3%A1s%20informaci%C3%B3n%20de%20software%20para%20fraccionamientos",,
,"control digital de residentes","control-digital-de-residentes",,,"Transforma control digital de residentes con Hausbox.","Hausbox simplifica control digital de residentes con automatización, pagos en línea y control residencial inteligente.","Control Digital De Residentes | Hausbox Software para Condominios","Hausbox, el Software para Condominios #1 en México. Optimiza control digital de residentes, automatiza procesos, mejora la cobranza y digitaliza la administración residencial con una plataforma moderna y eficiente.","996eb5b4-b0ad-41d9-8a46-a6b20aa86da0",2026-06-12T20:24:41Z,2026-07-23T02:57:55Z,"45119e62-fb47-42df-8e3f-62a36597ee45","https://wa.me/525574374431?text=SW-%20Hola%20quisiera%20m%C3%A1s%20informaci%C3%B3n%20de%20control%20digital%20de%20residentes",,
,"cómo reducir morosidad en condominios","como-reducir-morosidad-en-condominios",,,"Transforma cómo reducir morosidad en condominios con Hausbox.","Hausbox simplifica cómo reducir morosidad en condominios con automatización, pagos en línea y control residencial inteligente.","Cómo Reducir Morosidad En Condominios | Hausbox Software para Condominios","Hausbox, el Software para Condominios #1 en México. Optimiza cómo reducir morosidad en condominios, automatiza procesos, mejora la cobranza y digitaliza la administración residencial con una plataforma moderna y eficiente.","9a0eea5b-4f5a-4ae7-bcec-e7d3baf797d7",2026-06-12T20:24:41Z,2026-07-23T02:57:55Z,"45119e62-fb47-42df-8e3f-62a36597ee45","https://wa.me/525574374431?text=SW-%20Hola%20quisiera%20m%C3%A1s%20informaci%C3%B3n%20de%20c%C3%B3mo%20reducir%20morosidad%20en%20condominios",,
,"software para privadas residenciales","software-para-privadas-residenciales",,,"Transforma software para privadas residenciales con Hausbox.","Hausbox simplifica software para privadas residenciales con automatización, pagos en línea y control residencial inteligente.","Software Para Privadas Residenciales | Hausbox Software para Condominios","Hausbox, el Software para Condominios #1 en México. Optimiza software para privadas residenciales, automatiza procesos, mejora la cobranza y digitaliza la administración residencial con una plataforma moderna y eficiente.","a6a88aa2-982b-45e8-bb65-3e40bca97585",2026-07-23T02:56:34Z,2026-07-23T02:57:55Z,"69fcc116-239a-4a02-9d94-8cc5b6914ded","https://wa.me/525574374431?text=SW-%20Hola%20quisiera%20m%C3%A1s%20informaci%C3%B3n%20de%20software%20para%20privadas%20residenciales",,
,"software para conjuntos residenciales","software-para-conjuntos-residenciales",,,"Transforma software para conjuntos residenciales con Hausbox.","Hausbox simplifica software para conjuntos residenciales con automatización, pagos en línea y control residencial inteligente.","Software Para Conjuntos Residenciales | Hausbox Software para Condominios","Hausbox, el Software para Condominios #1 en México. Optimiza software para conjuntos residenciales, automatiza procesos, mejora la cobranza y digitaliza la administración residencial con una plataforma moderna y eficiente.","a79eceae-051b-42b8-8631-205fcfe5f1e4",2026-06-12T20:24:41Z,2026-07-23T02:57:55Z,"45119e62-fb47-42df-8e3f-62a36597ee45","https://wa.me/525574374431?text=SW-%20Hola%20quisiera%20m%C3%A1s%20informaci%C3%B3n%20de%20software%20para%20conjuntos%20residenciales",,
,"sistema de gestión residencial","sistema-de-gestion-residencial",,,"Transforma sistema de gestión residencial con Hausbox.","Hausbox simplifica sistema de gestión residencial con automatización, pagos en línea y control residencial inteligente.","Sistema De Gestión Residencial | Hausbox Software para Condominios","Hausbox, el Software para Condominios #1 en México. Optimiza sistema de gestión residencial, automatiza procesos, mejora la cobranza y digitaliza la administración residencial con una plataforma moderna y eficiente.","a7e10404-132a-42e0-b82f-27d44d676941",2026-06-12T20:24:41Z,2026-07-23T02:57:55Z,"45119e62-fb47-42df-8e3f-62a36597ee45","https://wa.me/525574374431?text=SW-%20Hola%20quisiera%20m%C3%A1s%20informaci%C3%B3n%20de%20sistema%20de%20gesti%C3%B3n%20residencial",,
,"sistema residencial privado","sistema-residencial-privado",,,"Transforma sistema residencial privado con Hausbox.","Hausbox simplifica sistema residencial privado con automatización, pagos en línea y control residencial inteligente.","Sistema Residencial Privado | Hausbox Software para Condominios","Hausbox, el Software para Condominios #1 en México. Optimiza sistema residencial privado, automatiza procesos, mejora la cobranza y digitaliza la administración residencial con una plataforma moderna y eficiente.","b073ffab-4ff4-4b88-99c0-d14d6cce2141",2026-07-23T02:56:34Z,2026-07-23T02:57:55Z,"69fcc116-239a-4a02-9d94-8cc5b6914ded","https://wa.me/525574374431?text=SW-%20Hola%20quisiera%20m%C3%A1s%20informaci%C3%B3n%20de%20sistema%20residencial%20privado",,
,"control de pagos vecinales","control-de-pagos-vecinales",,,"Transforma control de pagos vecinales con Hausbox.","Hausbox simplifica control de pagos vecinales con automatización, pagos en línea y control residencial inteligente.","Control De Pagos Vecinales | Hausbox Software para Condominios","Hausbox, el Software para Condominios #1 en México. Optimiza control de pagos vecinales, automatiza procesos, mejora la cobranza y digitaliza la administración residencial con una plataforma moderna y eficiente.","b0778dd1-9bd5-426f-81bd-76a7f27a6bcb",2026-07-23T02:56:34Z,2026-07-23T02:57:55Z,"69fcc116-239a-4a02-9d94-8cc5b6914ded","https://wa.me/525574374431?text=SW-%20Hola%20quisiera%20m%C3%A1s%20informaci%C3%B3n%20de%20control%20de%20pagos%20vecinales",,
,"plataforma de administración online","plataforma-de-administracion-online",,,"Transforma plataforma de administración online con Hausbox.","Hausbox simplifica plataforma de administración online con automatización, pagos en línea y control residencial inteligente.","Plataforma De Administración Online | Hausbox Software para Condominios","Hausbox, el Software para Condominios #1 en México. Optimiza plataforma de administración online, automatiza procesos, mejora la cobranza y digitaliza la administración residencial con una plataforma moderna y eficiente.","b4924861-9f02-4863-847b-a92f5c2dd350",2026-07-23T02:56:34Z,2026-07-23T02:57:55Z,"69fcc116-239a-4a02-9d94-8cc5b6914ded","https://wa.me/525574374431?text=SW-%20Hola%20quisiera%20m%C3%A1s%20informaci%C3%B3n%20de%20plataforma%20de%20administraci%C3%B3n%20online",,
,"cómo mejorar cobranza residencial","como-mejorar-cobranza-residencial",,,"Transforma cómo mejorar cobranza residencial con Hausbox.","Hausbox simplifica cómo mejorar cobranza residencial con automatización, pagos en línea y control residencial inteligente.","Cómo Mejorar Cobranza Residencial | Hausbox Software para Condominios","Hausbox, el Software para Condominios #1 en México. Optimiza cómo mejorar cobranza residencial, automatiza procesos, mejora la cobranza y digitaliza la administración residencial con una plataforma moderna y eficiente.","b6f2aaa7-0451-4395-a7ae-3e8f4ba6e9c5",2026-06-12T20:24:41Z,2026-07-23T02:57:55Z,"45119e62-fb47-42df-8e3f-62a36597ee45","https://wa.me/525574374431?text=SW-%20Hola%20quisiera%20m%C3%A1s%20informaci%C3%B3n%20de%20c%C3%B3mo%20mejorar%20cobranza%20residencial",,
,"herramientas para administradores","herramientas-para-administradores",,,"Transforma herramientas para administradores con Hausbox.","Hausbox simplifica herramientas para administradores con automatización, pagos en línea y control residencial inteligente.","Herramientas Para Administradores | Hausbox Software para Condominios","Hausbox, el Software para Condominios #1 en México. Optimiza herramientas para administradores, automatiza procesos, mejora la cobranza y digitaliza la administración residencial con una plataforma moderna y eficiente.","b8128aee-ba2e-4148-a234-634fca6a550a",2026-06-12T20:24:41Z,2026-07-23T02:57:55Z,"45119e62-fb47-42df-8e3f-62a36597ee45","https://wa.me/525574374431?text=SW-%20Hola%20quisiera%20m%C3%A1s%20informaci%C3%B3n%20de%20herramientas%20para%20administradores",,
,"software de control administrativo","software-de-control-administrativo",,,"Transforma software de control administrativo con Hausbox.","Hausbox simplifica software de control administrativo con automatización, pagos en línea y control residencial inteligente.","Software De Control Administrativo | Hausbox Software para Condominios","Hausbox, el Software para Condominios #1 en México. Optimiza software de control administrativo, automatiza procesos, mejora la cobranza y digitaliza la administración residencial con una plataforma moderna y eficiente.","bd43a06c-3f3b-4f9a-8010-7ac739f2389b",2026-07-23T02:56:34Z,2026-07-23T02:57:55Z,"69fcc116-239a-4a02-9d94-8cc5b6914ded","https://wa.me/525574374431?text=SW-%20Hola%20quisiera%20m%C3%A1s%20informaci%C3%B3n%20de%20software%20de%20control%20administrativo",,
,"software para comunicación residencial","software-para-comunicacion-residencial",,,"Transforma software para comunicación residencial con Hausbox.","Hausbox simplifica software para comunicación residencial con automatización, pagos en línea y control residencial inteligente.","Software Para Comunicación Residencial | Hausbox Software para Condominios","Hausbox, el Software para Condominios #1 en México. Optimiza software para comunicación residencial, automatiza procesos, mejora la cobranza y digitaliza la administración residencial con una plataforma moderna y eficiente.","c33712b9-37f1-4988-9a41-d63b76f5f679",2026-06-12T20:24:41Z,2026-07-23T02:57:55Z,"45119e62-fb47-42df-8e3f-62a36597ee45","https://wa.me/525574374431?text=SW-%20Hola%20quisiera%20m%C3%A1s%20informaci%C3%B3n%20de%20software%20para%20comunicaci%C3%B3n%20residencial",,
,"sistema para cobrar cuotas condominales","sistema-para-cobrar-cuotas-condominales",,,"Transforma sistema para cobrar cuotas condominales con Hausbox.","Hausbox simplifica sistema para cobrar cuotas condominales con automatización, pagos en línea y control residencial inteligente.","Sistema Para Cobrar Cuotas Condominales | Hausbox Software para Condominios","Hausbox, el Software para Condominios #1 en México. Optimiza sistema para cobrar cuotas condominales, automatiza procesos, mejora la cobranza y digitaliza la administración residencial con una plataforma moderna y eficiente.","c5ec6e53-5359-4ce1-81c5-c9bcc6358701",2026-06-12T20:24:41Z,2026-07-23T02:57:55Z,"45119e62-fb47-42df-8e3f-62a36597ee45","https://wa.me/525574374431?text=SW-%20Hola%20quisiera%20m%C3%A1s%20informaci%C3%B3n%20de%20sistema%20para%20cobrar%20cuotas%20condominales",,
,"administración de privadas","administracion-de-privadas",,,"Transforma administración de privadas con Hausbox.","Hausbox simplifica administración de privadas con automatización, pagos en línea y control residencial inteligente.","Administración De Privadas | Hausbox Software para Condominios","Hausbox, el Software para Condominios #1 en México. Optimiza administración de privadas, automatiza procesos, mejora la cobranza y digitaliza la administración residencial con una plataforma moderna y eficiente.","c795e40c-c84c-4cda-a02a-ce7f43078340",2026-07-23T02:56:34Z,2026-07-23T02:57:55Z,"69fcc116-239a-4a02-9d94-8cc5b6914ded","https://wa.me/525574374431?text=SW-%20Hola%20quisiera%20m%C3%A1s%20informaci%C3%B3n%20de%20administraci%C3%B3n%20de%20privadas",,
,"software para administración moderna","software-para-administracion-moderna",,,"Transforma software para administración moderna con Hausbox.","Hausbox simplifica software para administración moderna con automatización, pagos en línea y control residencial inteligente.","Software Para Administración Moderna | Hausbox Software para Condominios","Hausbox, el Software para Condominios #1 en México. Optimiza software para administración moderna, automatiza procesos, mejora la cobranza y digitaliza la administración residencial con una plataforma moderna y eficiente.","ca4ff123-0710-414b-a902-2c1c5dc33238",2026-07-23T02:56:34Z,2026-07-23T02:57:55Z,"69fcc116-239a-4a02-9d94-8cc5b6914ded","https://wa.me/525574374431?text=SW-%20Hola%20quisiera%20m%C3%A1s%20informaci%C3%B3n%20de%20software%20para%20administraci%C3%B3n%20moderna",,
,"software para comités vecinales","software-para-comites-vecinales",,,"Transforma software para comités vecinales con Hausbox.","Hausbox simplifica software para comités vecinales con automatización, pagos en línea y control residencial inteligente.","Software Para Comités Vecinales | Hausbox Software para Condominios","Hausbox, el Software para Condominios #1 en México. Optimiza software para comités vecinales, automatiza procesos, mejora la cobranza y digitaliza la administración residencial con una plataforma moderna y eficiente.","ca63bf6b-120f-4113-81a3-bdbf785f0804",2026-07-23T02:56:34Z,2026-07-23T02:57:55Z,"69fcc116-239a-4a02-9d94-8cc5b6914ded","https://wa.me/525574374431?text=SW-%20Hola%20quisiera%20m%C3%A1s%20informaci%C3%B3n%20de%20software%20para%20comit%C3%A9s%20vecinales",,
,"problemas en administración condominal","problemas-en-administracion-condominal",,,"Transforma problemas en administración condominal con Hausbox.","Hausbox simplifica problemas en administración condominal con automatización, pagos en línea y control residencial inteligente.","Problemas En Administración Condominal | Hausbox Software para Condominios","Hausbox, el Software para Condominios #1 en México. Optimiza problemas en administración condominal, automatiza procesos, mejora la cobranza y digitaliza la administración residencial con una plataforma moderna y eficiente.","cd1081b9-508c-4608-a2e1-9b100a470e32",2026-06-12T20:24:41Z,2026-07-23T02:57:55Z,"45119e62-fb47-42df-8e3f-62a36597ee45","https://wa.me/525574374431?text=SW-%20Hola%20quisiera%20m%C3%A1s%20informaci%C3%B3n%20de%20problemas%20en%20administraci%C3%B3n%20condominal",,
,"plataforma residencial inteligente","plataforma-residencial-inteligente",,,"Transforma plataforma residencial inteligente con Hausbox.","Hausbox simplifica plataforma residencial inteligente con automatización, pagos en línea y control residencial inteligente.","Plataforma Residencial Inteligente | Hausbox Software para Condominios","Hausbox, el Software para Condominios #1 en México. Optimiza plataforma residencial inteligente, automatiza procesos, mejora la cobranza y digitaliza la administración residencial con una plataforma moderna y eficiente.","cf6e9231-f7ab-4e24-939e-7ebe3ca2ce9f",2026-06-12T20:24:41Z,2026-07-23T02:57:55Z,"45119e62-fb47-42df-8e3f-62a36597ee45","https://wa.me/525574374431?text=SW-%20Hola%20quisiera%20m%C3%A1s%20informaci%C3%B3n%20de%20plataforma%20residencial%20inteligente",,
,"sistema para evitar adeudos","sistema-para-evitar-adeudos",,,"Transforma sistema para evitar adeudos con Hausbox.","Hausbox simplifica sistema para evitar adeudos con automatización, pagos en línea y control residencial inteligente.","Sistema Para Evitar Adeudos | Hausbox Software para Condominios","Hausbox, el Software para Condominios #1 en México. Optimiza sistema para evitar adeudos, automatiza procesos, mejora la cobranza y digitaliza la administración residencial con una plataforma moderna y eficiente.","d24f9404-9799-4613-8853-c36542de9cc5",2026-06-12T20:24:41Z,2026-07-23T02:57:55Z,"45119e62-fb47-42df-8e3f-62a36597ee45","https://wa.me/525574374431?text=SW-%20Hola%20quisiera%20m%C3%A1s%20informaci%C3%B3n%20de%20sistema%20para%20evitar%20adeudos",,
,"cómo digitalizar un condominio","como-digitalizar-un-condominio",,,"Transforma cómo digitalizar un condominio con Hausbox.","Hausbox simplifica cómo digitalizar un condominio con automatización, pagos en línea y control residencial inteligente.","Cómo Digitalizar Un Condominio | Hausbox Software para Condominios","Hausbox, el Software para Condominios #1 en México. Optimiza cómo digitalizar un condominio, automatiza procesos, mejora la cobranza y digitaliza la administración residencial con una plataforma moderna y eficiente.","d25886c7-07ad-4809-a69e-e7da46c2ea64",2026-06-12T20:24:41Z,2026-07-23T02:57:55Z,"45119e62-fb47-42df-8e3f-62a36597ee45","https://wa.me/525574374431?text=SW-%20Hola%20quisiera%20m%C3%A1s%20informaci%C3%B3n%20de%20c%C3%B3mo%20digitalizar%20un%20condominio",,
,"app de seguridad residencial","app-de-seguridad-residencial",,,"Transforma app de seguridad residencial con Hausbox.","Hausbox simplifica app de seguridad residencial con automatización, pagos en línea y control residencial inteligente.","App De Seguridad Residencial | Hausbox Software para Condominios","Hausbox, el Software para Condominios #1 en México. Optimiza app de seguridad residencial, automatiza procesos, mejora la cobranza y digitaliza la administración residencial con una plataforma moderna y eficiente.","d2cbaa89-eb86-448e-bb5e-c9ff665dd054",2026-06-12T20:24:41Z,2026-07-23T02:57:55Z,"45119e62-fb47-42df-8e3f-62a36597ee45","https://wa.me/525574374431?text=SW-%20Hola%20quisiera%20m%C3%A1s%20informaci%C3%B3n%20de%20app%20de%20seguridad%20residencial",,
,"app para administración vecinal","app-para-administracion-vecinal",,,"Transforma app para administración vecinal con Hausbox.","Hausbox simplifica app para administración vecinal con automatización, pagos en línea y control residencial inteligente.","App Para Administración Vecinal | Hausbox Software para Condominios","Hausbox, el Software para Condominios #1 en México. Optimiza app para administración vecinal, automatiza procesos, mejora la cobranza y digitaliza la administración residencial con una plataforma moderna y eficiente.","d6039daa-436f-4c35-86f0-65077be45c41",2026-06-12T20:24:41Z,2026-07-23T02:57:55Z,"45119e62-fb47-42df-8e3f-62a36597ee45","https://wa.me/525574374431?text=SW-%20Hola%20quisiera%20m%C3%A1s%20informaci%C3%B3n%20de%20app%20para%20administraci%C3%B3n%20vecinal",,
,"cómo administrar residentes","como-administrar-residentes",,,"Transforma cómo administrar residentes con Hausbox.","Hausbox simplifica cómo administrar residentes con automatización, pagos en línea y control residencial inteligente.","Cómo Administrar Residentes | Hausbox Software para Condominios","Hausbox, el Software para Condominios #1 en México. Optimiza cómo administrar residentes, automatiza procesos, mejora la cobranza y digitaliza la administración residencial con una plataforma moderna y eficiente.","db92f85e-5f57-4730-a199-0ecbd63939eb",2026-07-23T02:56:34Z,2026-07-23T02:57:55Z,"69fcc116-239a-4a02-9d94-8cc5b6914ded","https://wa.me/525574374431?text=SW-%20Hola%20quisiera%20m%C3%A1s%20informaci%C3%B3n%20de%20c%C3%B3mo%20administrar%20residentes",,
,"control de cuotas de residentes","control-de-cuotas-de-residentes",,,"Transforma control de cuotas de residentes con Hausbox.","Hausbox simplifica control de cuotas de residentes con automatización, pagos en línea y control residencial inteligente.","Control De Cuotas De Residentes | Hausbox Software para Condominios","Hausbox, el Software para Condominios #1 en México. Optimiza control de cuotas de residentes, automatiza procesos, mejora la cobranza y digitaliza la administración residencial con una plataforma moderna y eficiente.","e009b51b-69e0-4b64-b697-ec00fa137f3c",2026-06-12T20:24:41Z,2026-07-23T02:57:55Z,"45119e62-fb47-42df-8e3f-62a36597ee45","https://wa.me/525574374431?text=SW-%20Hola%20quisiera%20m%C3%A1s%20informaci%C3%B3n%20de%20control%20de%20cuotas%20de%20residentes",,
,"app fácil para residentes","app-facil-para-residentes",,,"Transforma app fácil para residentes con Hausbox.","Hausbox simplifica app fácil para residentes con automatización, pagos en línea y control residencial inteligente.","App Fácil Para Residentes | Hausbox Software para Condominios","Hausbox, el Software para Condominios #1 en México. Optimiza app fácil para residentes, automatiza procesos, mejora la cobranza y digitaliza la administración residencial con una plataforma moderna y eficiente.","e129a794-bcdf-4705-b62b-9a007427929c",2026-07-23T02:56:34Z,2026-07-23T02:57:55Z,"69fcc116-239a-4a02-9d94-8cc5b6914ded","https://wa.me/525574374431?text=SW-%20Hola%20quisiera%20m%C3%A1s%20informaci%C3%B3n%20de%20app%20f%C3%A1cil%20para%20residentes",,
,"cómo digitalizar administración residencial","como-digitalizar-administracion-residencial",,,"Transforma cómo digitalizar administración residencial con Hausbox.","Hausbox simplifica cómo digitalizar administración residencial con automatización, pagos en línea y control residencial inteligente.","Cómo Digitalizar Administración Residencial | Hausbox Software para Condominios","Hausbox, el Software para Condominios #1 en México. Optimiza cómo digitalizar administración residencial, automatiza procesos, mejora la cobranza y digitaliza la administración residencial con una plataforma moderna y eficiente.","e36edbee-5f11-4050-9645-f708c5339b2e",2026-07-23T02:56:34Z,2026-07-23T02:57:55Z,"69fcc116-239a-4a02-9d94-8cc5b6914ded","https://wa.me/525574374431?text=SW-%20Hola%20quisiera%20m%C3%A1s%20informaci%C3%B3n%20de%20c%C3%B3mo%20digitalizar%20administraci%C3%B3n%20residencial",,
,"app para control de visitas","app-para-control-de-visitas",,,"Transforma app para control de visitas con Hausbox.","Hausbox simplifica app para control de visitas con automatización, pagos en línea y control residencial inteligente.","App Para Control De Visitas | Hausbox Software para Condominios","Hausbox, el Software para Condominios #1 en México. Optimiza app para control de visitas, automatiza procesos, mejora la cobranza y digitaliza la administración residencial con una plataforma moderna y eficiente.","e5ccac7c-22c6-482a-8ff7-f5cf5963741c",2026-06-12T20:24:41Z,2026-07-23T02:57:55Z,"45119e62-fb47-42df-8e3f-62a36597ee45","https://wa.me/525574374431?text=SW-%20Hola%20quisiera%20m%C3%A1s%20informaci%C3%B3n%20de%20app%20para%20control%20de%20visitas",,
,"plataforma para accesos residenciales","plataforma-para-accesos-residenciales",,,"Transforma plataforma para accesos residenciales con Hausbox.","Hausbox simplifica plataforma para accesos residenciales con automatización, pagos en línea y control residencial inteligente.","Plataforma Para Accesos Residenciales | Hausbox Software para Condominios","Hausbox, el Software para Condominios #1 en México. Optimiza plataforma para accesos residenciales, automatiza procesos, mejora la cobranza y digitaliza la administración residencial con una plataforma moderna y eficiente.","ef5d4b3d-ebe9-4fc6-9650-bd8d2c203ac9",2026-06-12T20:24:41Z,2026-07-23T02:57:55Z,"45119e62-fb47-42df-8e3f-62a36597ee45","https://wa.me/525574374431?text=SW-%20Hola%20quisiera%20m%C3%A1s%20informaci%C3%B3n%20de%20plataforma%20para%20accesos%20residenciales",,
,"software simple para condominios","software-simple-para-condominios",,,"Transforma software simple para condominios con Hausbox.","Hausbox simplifica software simple para condominios con automatización, pagos en línea y control residencial inteligente.","Software Simple Para Condominios | Hausbox Software para Condominios","Hausbox, el Software para Condominios #1 en México. Optimiza software simple para condominios, automatiza procesos, mejora la cobranza y digitaliza la administración residencial con una plataforma moderna y eficiente.","f41577cc-e73f-4780-ad17-4aed11ee29c9",2026-07-23T02:56:34Z,2026-07-23T02:57:55Z,"69fcc116-239a-4a02-9d94-8cc5b6914ded","https://wa.me/525574374431?text=SW-%20Hola%20quisiera%20m%C3%A1s%20informaci%C3%B3n%20de%20software%20simple%20para%20condominios",,
,"solución para administración condominal","solucion-para-administracion-condominal",,,"Transforma solución para administración condominal con Hausbox.","Hausbox simplifica solución para administración condominal con automatización, pagos en línea y control residencial inteligente.","Solución Para Administración Condominal | Hausbox Software para Condominios","Hausbox, el Software para Condominios #1 en México. Optimiza solución para administración condominal, automatiza procesos, mejora la cobranza y digitaliza la administración residencial con una plataforma moderna y eficiente.","f74d1d59-3b03-44b3-a16c-f4b523c68cc5",2026-07-23T02:56:34Z,2026-07-23T02:57:55Z,"69fcc116-239a-4a02-9d94-8cc5b6914ded","https://wa.me/525574374431?text=SW-%20Hola%20quisiera%20m%C3%A1s%20informaci%C3%B3n%20de%20soluci%C3%B3n%20para%20administraci%C3%B3n%20condominal",,
,"app para administrar condominios","app-para-administrar-condominios",,,"Transforma app para administrar condominios con Hausbox.","Hausbox simplifica app para administrar condominios con automatización, pagos en línea y control residencial inteligente.","App Para Administrar Condominios | Hausbox Software para Condominios","Hausbox, el Software para Condominios #1 en México. Optimiza app para administrar condominios, automatiza procesos, mejora la cobranza y digitaliza la administración residencial con una plataforma moderna y eficiente.","faa096b5-9c0f-4adc-86bb-942659494edd",2026-06-12T20:24:41Z,2026-07-23T02:57:55Z,"45119e62-fb47-42df-8e3f-62a36597ee45","https://wa.me/525574374431?text=SW-%20Hola%20quisiera%20m%C3%A1s%20informaci%C3%B3n%20de%20app%20para%20administrar%20condominios",,
,,,,,,,,,"fbdd1a01-e673-46e5-860d-149ddb364f45",2026-07-23T02:56:34Z,2026-07-23T02:57:55Z,"69fcc116-239a-4a02-9d94-8cc5b6914ded",,,
